[
    { "image":"member-three.png", "name":"Aanchal Thakur", "position":"Co-founder, CEO", "socialtwitter":"https://twitter.com/Aanchal_Thakur1", "socialin":"https://www.linkedin.com/in/aanchal-thakur-33082218/"},
    { "image":"member-two.png", "name":"Sash Jeetun", "position":"Co-founder, COO", "socialtwitter":"https://twitter.com/sash00007", "socialin":"https://www.linkedin.com/in/jeetunsash/"},
    { "image":"member-one.png", "name":"Alex Berstein", "position":"Co-founder, Chairman of Board", "socialtwitter":"https://twitter.com/spheriumfinance?s=21", "socialin":"https://www.linkedin.com/in/alex-berstein-b1965910/"}
]